#"Step","Potential Energy (kJ/mole)","Temperature (K)"
10,699.5281982421875,2.425773967608139
20,701.628662109375,3.5644294993223506
30,703.34130859375,5.400401711419111
40,704.64453125,7.19942376422608
50,706.6603393554688,8.038603272805428
60,708.80224609375,9.62559364482397
70,710.847412109375,10.740477968739755
80,712.0428466796875,12.993119017979199
90,714.3878784179688,13.620769753965009
100,715.8490600585938,15.352880750325342
110,718.2084350585938,15.599138679836885
120,717.797607421875,18.015596316482284
130,722.2365112304688,18.281854301724106
140,723.1785278320312,21.066224730284297
150,724.5940551757812,22.062295278673155
160,726.4642944335938,23.1552910398125
170,729.1158447265625,23.928104567069493
180,729.1104736328125,26.859860311742533
190,732.60595703125,26.048744256391554
200,732.105712890625,30.153007116164794
210,733.6531372070312,31.759010115757192
220,737.479736328125,33.45486998867577
230,739.896728515625,34.23009170231677
240,739.5105590820312,36.15272717659194
250,743.6192626953125,36.34237624339889
260,747.8662109375,34.181020462124984
270,741.0463256835938,37.96444249514601
280,749.4737548828125,32.771788649226245
290,746.8425903320312,37.35796273721175
300,750.1279907226562,37.940283109418864
310,751.71142578125,39.63431561482039
320,755.9754638671875,38.17786472554266
330,754.8885498046875,41.41403160747513
340,751.821533203125,44.212759449503764
350,752.7379760742188,47.284636035022615
360,753.769287109375,49.21545191420637
370,751.97216796875,53.92412576103101
380,759.0419921875,49.80250920243947
390,764.6123657226562,49.54520351734886
400,766.9929809570312,49.85567856978386
410,771.910400390625,51.12765015855669
420,770.1585083007812,53.75932938502854
430,771.636962890625,53.62489113265409
440,758.8383178710938,61.49745612060193
450,767.7572631835938,56.33058262560494
460,767.563232421875,57.6802940112438
470,771.9920043945312,57.944824972559275
480,771.0678100585938,60.44596220076746
490,777.599609375,60.64534097530605
500,776.7088012695312,64.1138178596464
510,778.2818603515625,65.04656948069596
520,782.98779296875,62.6994424335703
530,783.896484375,65.24032942645248
540,783.1519165039062,70.00934711254884
550,794.0950927734375,65.59244595266847
560,799.2809448242188,61.94951309235482
570,788.6348266601562,69.91843325748923
580,798.01953125,64.52771669243205
590,795.9419555664062,67.33004855220057
600,800.2787475585938,68.46627415768862
610,795.68505859375,76.17293335678204
620,809.6922607421875,69.80123330989241
630,802.9623413085938,75.75696324463547
640,800.3325805664062,78.20177672086841
650,800.3216552734375,82.22496433098972
660,807.9895629882812,79.35823035266536
670,810.6165161132812,79.37671557057355
680,815.9911499023438,74.21679415031068
690,800.67822265625,85.45136325473105
700,812.6751098632812,82.60488806569484
710,818.631591796875,82.76248427165143
720,812.5103759765625,86.49233553505024
730,812.8419189453125,87.35347142997767
740,819.623046875,82.41239227724832
750,807.67724609375,92.43469391760715
760,808.0625,96.5764511311061
770,809.9983520507812,92.68837171892828
780,811.1910400390625,99.131073893343
790,817.865478515625,97.10895070459183
800,824.5709228515625,94.85267893076632
810,822.1722412109375,95.11804514922451
820,819.264892578125,96.98006233633554
830,812.780517578125,100.77128424010122
840,819.26904296875,96.79053406112078
850,820.7721557617188,94.57121222555438
860,821.4449462890625,95.27079370058412
870,822.9133911132812,91.04814919927973
880,827.6742553710938,96.50359408260864
890,827.109375,94.73270639548339
900,829.0755004882812,93.88729481669641
910,811.5736083984375,108.92796327122777
920,840.7603759765625,89.6449834149973
930,822.4390258789062,105.49660273183477
940,830.129638671875,102.9347398212666
950,824.1411743164062,108.51493997318629
960,844.685546875,96.99814746441261
970,831.1276245117188,109.07808574072699
980,843.3109130859375,98.33375684343109
990,832.6484985351562,108.55843824273771
1000,848.2852783203125,101.8405159051042
1010,824.0299072265625,121.80229571225344
1020,834.07373046875,115.67310816980942
1030,826.732177734375,118.63073380290737
1040,823.2236938476562,123.74924924022845
1050,832.1126708984375,117.68231712518681
1060,836.7021484375,118.91502775079195
1070,850.767578125,109.48176877194456
1080,836.7295532226562,122.13266731084975
1090,856.32421875,105.8416078998043
1100,847.9746704101562,113.93974383616315
1110,842.4758911132812,119.8934652512249
1120,834.7899780273438,125.04899483877068
1130,852.7750854492188,112.02948621509688
1140,838.16845703125,125.75392326815643
1150,854.1189575195312,117.9245935435074
1160,850.2852783203125,120.42287526036405
1170,861.4442138671875,114.92997977311789
1180,860.4879150390625,116.5045192533528
1190,858.3731079101562,119.01344823739768
1200,841.4215087890625,132.1448527289802
1210,852.7367553710938,125.5530887514075
1220,848.842041015625,126.14960685994242
1230,850.9379272460938,126.09805856575524
1240,858.4449462890625,120.44486613965013
1250,860.0275268554688,121.67268621547244
1260,849.367919921875,133.64240638162948
1270,866.9303588867188,126.24385439584395
1280,870.588134765625,126.15602868208084
1290,885.1875,120.37065404030413
1300,873.1871337890625,132.35666704238824
1310,881.9305419921875,123.61377358574009
1320,870.9451293945312,132.6657800351007
1330,879.4628295898438,123.97578677516604
1340,863.6223754882812,137.47902404713196
1350,880.731201171875,126.55848350411841
1360,876.913330078125,132.71687533792152
1370,879.22509765625,127.05823617276474
1380,866.279052734375,141.0852250924742
1390,899.4657592773438,117.30478776711553
1400,865.5718383789062,144.1241785044464
1410,883.1282958984375,135.58640909405162
1420,885.9857788085938,134.88993907156976
1430,883.7091064453125,135.05115793343597
1440,875.2576904296875,144.01425223791225
1450,886.0321655273438,137.68182668725586
1460,875.7392578125,152.8477063880361
1470,891.4854736328125,137.5830067631677
1480,877.5506591796875,148.3931264071578
1490,888.701416015625,144.4948886208805
1500,890.3325805664062,142.95714594673777
1510,887.3339233398438,145.11498342896263
1520,889.3832397460938,143.00430307112381
1530,885.100341796875,142.42483596579416
1540,874.1053466796875,149.63201190780438
1550,878.5012817382812,147.15928866387927
1560,881.0303344726562,149.6325310914303
1570,895.380615234375,139.40342502780916
1580,883.8705444335938,146.26784445489523
1590,901.23388671875,138.67141434598827
1600,895.89208984375,144.4218616855624
1610,885.6656494140625,157.74794782681533
1620,895.2003173828125,145.6535455847473
1630,880.986572265625,160.0516229605988
1640,905.925048828125,141.80306136683066
1650,892.393798828125,154.84052480805227
1660,907.2655639648438,141.60400889768002
1670,898.7933349609375,154.69875389341536
1680,903.14794921875,151.95949714107695
1690,897.4637451171875,156.486277275028
1700,902.42919921875,149.71796969500917
1710,887.4948120117188,164.9644133426598
1720,900.5701293945312,153.98609398986324
1730,889.2044067382812,164.68270582637385
1740,895.6044921875,159.87296044641658
1750,907.8033447265625,149.2166591500152
1760,896.436279296875,157.77359446404083
1770,914.0150146484375,142.9981871057774
1780,898.5530395507812,157.19630781525072
1790,911.9336547851562,149.64073757619767
1800,889.1851806640625,167.15004472917627
1810,907.0201416015625,152.50675822882053
1820,900.1365356445312,160.412148324375
1830,897.8233642578125,162.3809923234754
1840,903.5751953125,157.9001084929308
1850,896.0338134765625,160.2124872519206
1860,897.4360961914062,158.53964048448853
1870,904.1746826171875,152.5904832461916
1880,887.3323974609375,166.6884858347499
1890,901.0668334960938,163.27432448739117
1900,917.41845703125,148.36692008573695
1910,896.776611328125,164.93053358567778
1920,900.718994140625,161.99610128454356
1930,905.4400024414062,157.51455789422997
1940,903.7623291015625,158.58475298880742
1950,887.223388671875,175.39091047148472
1960,916.5350341796875,158.1105422934607
1970,909.527099609375,162.93532291699842
1980,915.6310424804688,163.55835329990776
1990,907.6512451171875,170.0921451724071
2000,915.6646118164062,164.65480217251346
2010,897.284423828125,180.72874726940336
2020,908.2808837890625,174.91741569221338
2030,903.5575561523438,177.64269745642451
2040,921.7213745117188,160.82602569622665
2050,918.329833984375,163.59807982025595
2060,906.921142578125,174.27434830175756
2070,916.044921875,165.7224418636203
2080,912.5916748046875,170.5413232562165
2090,912.8887939453125,175.01443064773395
2100,938.553466796875,158.53545235082606
2110,937.3427734375,159.42354802007074
2120,921.743896484375,174.2659320509517
2130,921.2967529296875,173.8368177632547
2140,929.5493774414062,160.40990018137333
2150,907.5572509765625,172.53798149654426
2160,912.5184326171875,174.20649416200658
2170,922.8856201171875,165.54894147917426
2180,928.67236328125,163.8441624749058
2190,917.34765625,171.0910721891839
2200,920.54296875,169.88062354799848
2210,914.4532470703125,174.7879442665161
2220,911.4013671875,177.2382841426659
2230,912.5449829101562,174.81496979138382
2240,918.1488037109375,168.09684146865732
2250,906.8159790039062,174.2134292452055
2260,919.6751098632812,170.95794425738916
2270,936.5604248046875,158.867281179495
2280,922.7440185546875,172.47116116746687
2290,927.9522705078125,169.2840289300908
2300,929.3397216796875,169.47919023922734
2310,936.5098876953125,164.6144090419579
2320,932.6844482421875,165.57874078511762
2330,917.8169555664062,180.22107894234338
2340,917.633056640625,179.29893095227104
2350,929.6434936523438,169.2475870376249
2360,928.894775390625,172.03324443007446
2370,919.0732421875,182.05542560431093
2380,929.7295532226562,174.83882610759505
2390,930.062255859375,172.31530566589268
2400,936.943603515625,166.0754091490669
2410,927.7464599609375,170.69170948452933
2420,935.0042114257812,165.69864467584523
2430,920.76220703125,175.00728251068722
2440,936.4859619140625,163.15361503195433
2450,913.145751953125,181.798407697288
2460,922.5292358398438,176.73840670493192
2470,917.46923828125,183.89134100289368
2480,919.8754272460938,187.6376959813368
2490,909.78955078125,193.53302303713653
2500,907.4490966796875,197.87754971009198
2510,926.6150512695312,184.06564003827984
2520,922.0623779296875,188.72336889582508
2530,936.5899658203125,179.60853375037414
2540,946.72607421875,171.86990702139286
2550,945.738525390625,170.2893029940636
2560,927.3829345703125,190.5472322661313
2570,961.781982421875,165.34525856280192
2580,932.940673828125,186.05187659374388
2590,938.693359375,181.86193030924005
2600,930.1184692382812,192.46820552771624
2610,959.682861328125,171.09537480511347
2620,934.1670532226562,190.13603404956848
2630,937.5347290039062,189.87955337918228
2640,939.73583984375,183.29563488110995
2650,946.8590698242188,181.3598827877337
2660,954.78125,175.69854559285332
2670,935.5841064453125,193.2098934489889
2680,944.91796875,187.17017465915933
2690,935.6685791015625,193.89725623825896
2700,920.7122192382812,200.81905850791532
2710,921.4783325195312,202.06991093421553
2720,940.7754516601562,184.61711930858638
2730,924.7889404296875,200.0100020282188
2740,961.9645385742188,174.23701238158876
2750,933.7728881835938,191.3122843452605
2760,942.2575073242188,186.86100449083
2770,938.9207763671875,187.68338096743923
2780,940.7799682617188,190.01725370339048
2790,935.1422119140625,193.1728500163382
2800,941.2542114257812,184.52987254937128
2810,945.4539184570312,183.01665907997508
2820,933.2613525390625,194.62324082422188
2830,942.8338623046875,184.2380135741639
2840,937.9488525390625,194.01640459505552
2850,953.4949951171875,185.6833682401499
2860,983.01025390625,164.90883004275022
2870,944.0162353515625,192.067076696717
2880,947.96142578125,187.99402961014752
2890,943.4609375,189.32884417764322
2900,929.536865234375,201.81203185926637
2910,942.3419189453125,192.48272689452045
2920,949.9129638671875,185.2398199327456
2930,924.9078369140625,207.35433659844048
2940,970.8108520507812,176.17023792700533
2950,936.6387329101562,202.18500230902833
2960,928.5140991210938,209.89861840555153
2970,936.7167358398438,205.50057917241554
2980,967.568603515625,182.51490656098136
2990,945.4650268554688,199.7384829307059
3000,964.00390625,184.28831862626708
3010,936.0834350585938,213.08087106049328
3020,960.2282104492188,195.36509978766279
3030,943.3649291992188,208.0138182011342
3040,954.11474609375,206.2382988846694
3050,976.3472900390625,188.27082172681443
3060,964.82666015625,197.0872483808299
3070,962.4646606445312,209.4117824442375
3080,978.2698974609375,194.95448147951424
3090,954.86669921875,218.77068919557286
3100,942.2674560546875,228.89202046688197
3110,983.1932373046875,198.998065455022
3120,969.4580688476562,205.46803509871106
3130,952.68896484375,214.79283012180846
3140,957.6763916015625,218.91940642141486
3150,976.9962768554688,205.3423002982408
3160,960.0811767578125,213.81921931988668
3170,954.5798950195312,219.79251892578142
3180,970.2936401367188,204.40715188603943
3190,970.9426879882812,201.76353914177622
3200,970.9586181640625,200.22467678222665
3210,953.8587036132812,216.6259933950384
3220,968.2529296875,209.0409306850048
3230,989.6996459960938,189.91008030050446
3240,959.8727416992188,214.28983643824301
3250,988.598876953125,192.36722299016432
3260,966.2716674804688,210.51199088558295
3270,990.71923828125,192.84222641106777
3280,963.2975463867188,214.83084693059027
3290,972.752197265625,205.42315785838878
3300,974.6321411132812,207.34836447704117
3310,984.1300659179688,203.97686457673606
3320,975.0408935546875,214.29090429503802
3330,982.7965087890625,206.04532458232973
3340,946.8585205078125,236.78172882085528
3350,974.0252075195312,217.07846848726595
3360,981.55810546875,208.56303553048895
3370,978.1277465820312,213.09973280900417
3380,991.5042114257812,200.9841184609755
3390,985.0505981445312,211.79005516050464
3400,995.9216918945312,209.56895070811996
3410,1001.75634765625,206.8314877759492
3420,993.0591430664062,208.1080294351686
3430,966.0984497070312,231.5375445505943
3440,987.7579345703125,212.63158830641765
3450,983.0662231445312,216.2641238660424
3460,942.0447387695312,254.17559609898294
3470,975.407958984375,232.60221793462765
3480,1016.5948486328125,197.5951308811568
3490,1005.210205078125,208.4510403717252
3500,1019.33642578125,200.70394809839846
3510,1011.5422973632812,205.07598489761665
3520,998.2194213867188,207.28443444725448
3530,987.000244140625,214.17269982764734
3540,976.0941162109375,221.36024784674595
3550,972.658447265625,225.94668394150273
3560,991.2197875976562,205.44550454669556
3570,966.3031005859375,222.26766782059622
3580,974.0113525390625,215.61311001447856
3590,969.1751708984375,218.11424099746938
3600,961.7239990234375,230.68371738462184
3610,986.498046875,212.69542315951398
3620,1006.8928833007812,193.8657532567359
3630,969.8721313476562,227.76292387461984
3640,987.7724609375,217.4307405436996
3650,980.496826171875,228.7622740459111
3660,993.4614868164062,216.3620049152151
3670,976.4214477539062,225.62781814960505
3680,971.8474731445312,228.09146872071037
3690,991.6585693359375,213.01328718754445
3700,994.906494140625,209.39329724323682
3710,966.191162109375,233.9663231127427
3720,974.74267578125,230.59061007677113
3730,977.7997436523438,228.2289713903045
3740,967.9879150390625,239.11836514827985
3750,957.4898071289062,246.71233660844234
3760,981.358154296875,223.43356664133498
3770,979.1029663085938,224.227361886528
3780,999.5765380859375,210.7889221187822
3790,1000.029541015625,217.48206205371898
3800,994.773193359375,227.72591319889173
3810,1033.1502685546875,198.01766988273826
3820,1019.64697265625,206.4534573291794
3830,996.9764404296875,224.81600460835065
3840,1005.2347412109375,222.09066394034454
3850,991.767333984375,236.63054060800178
3860,984.5242309570312,244.29658950782274
3870,990.2186279296875,240.31596711874127
3880,984.7662353515625,240.60382599310907
3890,993.310302734375,234.25563197653508
3900,998.0474853515625,232.3930429515355
3910,996.986328125,233.3068603478508
3920,993.0314331054688,240.22412088407407
3930,1005.1897583007812,228.32020284196722
3940,1038.156982421875,204.77959408551467
3950,1025.980224609375,214.61288904924297
3960,1018.3317260742188,223.30902975034928
3970,1027.353759765625,218.23773412347558
3980,1006.4404296875,234.21494135982184
3990,1013.0180053710938,231.40334172847375
4000,1010.4503784179688,232.4506344942657
4010,1021.761962890625,222.8201420607624
4020,1028.4378662109375,217.02583791064177
4030,1010.2081298828125,228.20316450636605
4040,1012.3566284179688,225.56340172129418
4050,984.9012451171875,240.77398249443021
4060,994.9525146484375,238.52242560682888
4070,1000.6019287109375,233.4389072349803
4080,1003.6976928710938,232.60313825071546
4090,1032.505126953125,213.00266340561421
4100,992.7151489257812,241.14643636573425
4110,1012.24853515625,229.57063671964485
4120,1032.809326171875,209.60786895573682
4130,990.1063232421875,244.57904272490444
4140,1011.134765625,230.0995896098679
4150,1046.33984375,198.68915199647694
4160,1003.1557006835938,230.48101229246888
4170,1011.8036499023438,223.78955079017555
4180,995.3345947265625,234.25598863515899
4190,1019.6896362304688,217.8447100446601
4200,1006.1893920898438,228.11977244326746
4210,980.646240234375,250.06697291701352
4220,990.135498046875,242.16106644025552
4230,989.6597290039062,242.5706855897049
4240,984.3947143554688,249.60229758795495
4250,984.70458984375,248.3204294944802
4260,973.6055297851562,256.1722656610128
4270,1024.3182373046875,216.41665344592013
4280,997.8486328125,237.02024491805125
4290,1026.6544189453125,220.66094856677793
4300,1046.858154296875,202.90007590209999
4310,1014.5228881835938,229.8050023968239
4320,1020.9173583984375,231.0325790606311
4330,1027.970947265625,222.47157502516288
4340,998.2278442382812,247.47214279231605
4350,989.0558471679688,250.01533464449565
4360,969.1735229492188,272.2975231857626
4370,1015.749755859375,235.61927710086934
4380,978.8856201171875,253.41493288036864
4390,985.9802856445312,247.5197453116579
4400,1018.21240234375,222.22005711237594
4410,1013.5300903320312,227.9868077761791
4420,1011.9740600585938,231.21748415322446
4430,1008.0945434570312,237.72606264666842
4440,1038.8834228515625,217.20704527940734
4450,1027.0081787109375,222.09274239378004
4460,1010.3883666992188,229.49599915086233
4470,1000.572021484375,244.165292244035
4480,1028.3974609375,220.71394344845461
4490,993.555908203125,241.7925328085013
4500,1010.6424560546875,231.20903859181342
4510,989.255615234375,249.8358130138337
4520,1025.9078369140625,225.41789774539583
4530,993.7109375,246.3526628288431
4540,1024.06201171875,229.37051844232775
4550,1021.4591064453125,234.36500345360264
4560,1005.3237915039062,246.25483781121142
4570,1006.6112060546875,251.87422568571432
4580,1000.9701538085938,252.6164431760607
4590,1001.361572265625,250.7194250551761
4600,997.0388793945312,251.28850053017837
4610,1002.3662109375,253.18887456952837
4620,1044.0784912109375,217.63198843536819
4630,1020.3743896484375,239.11478786521312
4640,1011.316162109375,255.3579379853571
4650,1043.744140625,234.90380628520117
4660,1011.5869140625,250.34721924827474
4670,1018.2506103515625,249.5628688147744
4680,991.5499267578125,266.887351108415
4690,1031.595458984375,239.52442580455963
4700,1009.8485717773438,249.69637030708307
4710,1017.22607421875,247.92589075354442
4720,997.5371704101562,254.42796445257537
4730,1007.0177001953125,249.77345264775812
4740,1035.6632080078125,230.62831654791427
4750,1024.57568359375,245.40618885966813
4760,1003.4432983398438,263.9996443247984
4770,1053.94970703125,226.80089016293505
4780,1000.6983032226562,274.34453562273563
4790,1009.0670776367188,269.2635085015684
4800,1019.0289306640625,258.4840645369496
4810,1021.9281005859375,258.22644507142536
4820,1002.3896484375,275.5639578431403
4830,1024.809326171875,254.22861561422044
4840,1021.0908203125,263.4940028944915
4850,1012.190673828125,270.0947741522095
4860,1021.4642944335938,274.54805889543013
4870,1056.9139404296875,243.01036538754397
4880,1017.763671875,273.9071123793924
4890,1023.3538208007812,264.09484519295904
4900,1018.7032470703125,276.50087573501236
4910,1039.3822021484375,257.17098355846394
4920,1043.65087890625,250.51746726721592
4930,1035.413330078125,253.6692219352482
4940,1029.9136962890625,265.59257036259623
4950,1032.8304443359375,259.2747264709816
4960,1029.9935302734375,261.40283888820954
4970,1018.6550903320312,271.7865657587797
4980,1044.6796875,256.27975465414215
4990,1060.679931640625,246.1345125342148
5000,1045.265869140625,255.59632441169177
5010,1025.0269775390625,275.88878110606606
5020,1055.3194580078125,251.11707686156726
5030,1005.960205078125,282.51986945425557
5040,1047.8233642578125,257.1239156494565
5050,1052.48828125,251.88100393047569
5060,1047.4869384765625,257.435343609349
5070,1049.773681640625,253.47111951970558
5080,1061.42431640625,247.10851825649166
5090,1048.4920654296875,257.99421483731595
5100,1051.937255859375,259.27352095874625
5110,1060.34912109375,255.50794997403702
5120,1065.7982177734375,258.7251308498236
5130,1064.1956787109375,264.8311943459362
5140,1050.77392578125,282.21365575563755
5150,1053.6160888671875,284.20643764130807
5160,1026.9248046875,303.9195434921369
5170,1042.2733154296875,291.22609172702477
5180,1040.7506103515625,289.22786139112003
5190,1059.2498779296875,271.25165988224984
5200,1056.1510009765625,269.13451396813883
5210,1075.89501953125,260.8844565775684
5220,1091.5377197265625,251.21978540284806
5230,1106.703125,239.18839167968045
5240,1071.1773681640625,275.8731098922377
5250,1094.483154296875,262.28296358043355
5260,1056.9869384765625,290.5145587333244
5270,1046.065673828125,291.8390688048367
5280,1002.9689331054688,320.8235887898153
5290,1048.9498291015625,280.1816678661214
5300,1060.8179931640625,262.6850975004467
5310,1049.98291015625,271.9945632334308
5320,1054.0142822265625,270.8520426601536
5330,1058.90478515625,266.62894296316415
5340,1040.085205078125,281.40855688816794
5350,1022.9423828125,297.91622627032393
5360,1040.5831298828125,278.50325929758327
5370,1049.358154296875,274.9715040445927
5380,1028.738525390625,287.79993875070807
5390,1036.9949951171875,280.856083780806
5400,1053.96435546875,263.60930960637256
5410,1039.786376953125,281.82069636924325
5420,1062.8223876953125,272.52148852382953
5430,1093.2734375,254.58846976894228
5440,1104.2764892578125,245.1012979269779
5450,1063.1180419921875,277.84768480151854
5460,1051.98681640625,289.25677023403057
5470,1053.9185791015625,287.95956481654974
5480,1017.1106567382812,313.8230144159801
5490,1028.5316162109375,294.98488147504503
5500,1021.5769653320312,299.4133314748
5510,1068.0284423828125,256.2082408860373
5520,1020.5006103515625,291.3570845031779
5530,1037.4599609375,274.58999229032713
5540,1042.500244140625,273.9214448215018
5550,1045.24169921875,270.64802808575234
5560,1036.24609375,282.51092061920053
5570,1080.8369140625,248.43358659478494
5580,1052.3551025390625,273.91256955391003
5590,1077.4686279296875,255.1088840852272
5600,1060.1129150390625,265.15566672415815
5610,1053.58056640625,270.10913636847204
5620,1060.11376953125,262.9854946494475
5630,1052.099609375,268.25843210348137
5640,1066.7540283203125,256.57872800629383
5650,1054.379150390625,263.36292821757826
5660,1054.215087890625,260.9223888712638
5670,1021.1156005859375,280.2613772742247
5680,1048.4976806640625,263.6673262712306
5690,1045.920166015625,256.77453658201904
5700,1063.558349609375,242.07196113252317
5710,1049.6004638671875,249.75414669908992
5720,1046.9664306640625,262.6037748029885
5730,1052.0982666015625,254.14500138904893
5740,1049.069580078125,259.40334377355515
5750,1031.243408203125,275.9752254594613
5760,1047.873046875,264.52926586822144
5770,1070.6136474609375,240.8227490095775
5780,1025.7744140625,275.23633006266573
5790,1047.748779296875,263.7052651475894
5800,1074.5697021484375,246.26964876448406
5810,1049.05908203125,265.9165383442327
5820,1049.1239013671875,267.00336715582154
5830,1056.439697265625,261.58872893154444
5840,1047.1097412109375,256.693640113427
5850,1013.465576171875,278.37518740361736
5860,1024.9671630859375,266.60487150150317
5870,1021.23583984375,263.8988859021386
5880,1026.5843505859375,257.6796376506447
5890,1069.7825927734375,227.6484928035072
5900,1049.9578857421875,243.3422108532184
5910,1095.730224609375,212.28912512016103
5920,1098.353271484375,213.23302061272835
5930,1051.9366455078125,249.12061989864327
5940,1092.5069580078125,228.2680787246467
5950,1092.755126953125,224.79885879117427
5960,1035.0184326171875,275.4148651490518
5970,1055.0753173828125,256.90345181633404
5980,1026.9833984375,269.7909555596266
5990,998.095947265625,285.6383103306471
6000,1002.734619140625,276.78321219435577
6010,1012.82275390625,265.7765762016523
6020,1018.3755493164062,260.81576701441736
6030,1019.0045776367188,258.127355810449
6040,1037.2344970703125,242.62311615734203
6050,1017.5155029296875,260.0624352660849
6060,1040.847412109375,243.81120508578985
6070,1010.9901123046875,268.1981107343116
6080,1015.4521484375,261.20781188964116
6090,998.9537353515625,270.4986716229875
6100,1029.413330078125,246.9738462674338
6110,1015.8052368164062,256.1100833593646
6120,1040.0946044921875,235.79477759772942
6130,1014.0460815429688,254.14601237456253
6140,1053.8582763671875,224.52627798416103
6150,1003.9276733398438,263.4738878981637
6160,1015.3643798828125,253.25080013603102
6170,1015.769287109375,251.94151149588834
6180,1023.0753173828125,249.87371060271872
6190,1048.049072265625,230.17045392608634
6200,1030.7685546875,243.0123899285151
6210,1022.8431396484375,256.0904113796673
6220,1061.9288330078125,229.31610859234848
6230,1038.668701171875,248.74107257064037
6240,1024.93115234375,265.126076409325
6250,1085.86328125,223.48669387794266
6260,1055.4168701171875,245.2754460387427
6270,1022.9844970703125,271.40605705194434
6280,1054.22607421875,247.94683858078503
6290,1042.431884765625,252.7485528633774
6300,1032.2196044921875,259.9718793320778
6310,1044.591552734375,256.21540838079227
6320,1047.154541015625,253.2640361983491
6330,1034.781005859375,267.2647693421243
6340,1037.8331298828125,260.1305474203176
6350,1013.2386474609375,281.0641761574002
6360,1041.411376953125,262.7856048463463
6370,1036.395263671875,265.0795559941867
6380,1026.8553466796875,273.17852996334045
6390,1062.8121337890625,250.1522942161774
6400,1030.77197265625,276.82819897572074
6410,1041.85986328125,270.31849731955543
6420,1043.443115234375,270.24610827419394
6430,1050.9503173828125,261.6771794291136
6440,1052.860595703125,260.10326950976537
6450,1054.58251953125,253.27169641222503
6460,1028.032470703125,276.30817917401026
6470,1049.910400390625,254.26059446933274
6480,1008.8920288085938,285.4578560019524
6490,1039.658935546875,262.1268829326081
6500,1028.5245361328125,271.7805365857521
6510,1042.5965576171875,259.7078271756939
6520,1064.359375,241.64591402219946
6530,1041.654541015625,256.2875942286891
6540,1043.6246337890625,257.8424741175118
6550,1035.451904296875,267.26866168002937
6560,1058.6275634765625,250.04866165500388
6570,1033.356689453125,273.87955303884405
6580,1060.85791015625,255.50939648614712
6590,1041.878173828125,267.15743862598106
6600,1050.48876953125,259.60349946159135
6610,1059.436279296875,250.43824596107
6620,1035.899169921875,270.1899263323313
6630,1070.5672607421875,244.46287223006644
6640,1058.3031005859375,251.16793767989893
6650,1067.9393310546875,244.3695643792326
6660,1069.517333984375,242.12203886575801
6670,1063.57080078125,249.75850525638697
6680,1054.16748046875,257.54563730319205
6690,1067.0867919921875,250.37681895805648
6700,1044.3497314453125,271.43004244020864
6710,1050.155029296875,268.12528928742796
6720,1066.7061767578125,255.24240118881818
6730,1052.8455810546875,263.7017093539882
6740,1053.6138916015625,256.36547746618726
6750,1046.0904541015625,262.2967113870662
6760,1068.2174072265625,244.3339220380326
6770,1053.95361328125,254.2585166921983
6780,1042.8485107421875,263.57150372461274
6790,1043.3165283203125,269.51304490726466
6800,1065.37060546875,248.51454061236842
6810,1020.5250244140625,282.1309205921906
6820,1034.4306640625,269.1352594702712
6830,1032.40673828125,271.188565604151
6840,1039.860107421875,262.3563532188161
6850,1063.65771484375,241.21862474975995
6860,1077.8206787109375,228.0090977284646
6870,1066.8963623046875,233.93148136262138
6880,1058.1201171875,240.53087699021387
6890,1052.184326171875,246.89957337144244
6900,1050.12646484375,252.9968782280772
6910,1031.4073486328125,263.7757026474051
6920,1041.5909423828125,252.80061571205076
6930,1047.403076171875,250.54496350324163
6940,1048.4888916015625,249.56273016178997
6950,1065.962890625,238.02957046201706
6960,1048.630615234375,257.1648947131414
6970,1063.080078125,247.33334370999128
6980,1052.4825439453125,251.85225254101397
6990,1034.24853515625,261.4823234783494
7000,1019.6651611328125,269.5621277960373
7010,1023.91552734375,264.26856250659876
7020,1040.7452392578125,246.19517723324213
7030,1030.49169921875,253.93154509421439
7040,1061.3751220703125,234.5822303887885
7050,1070.711669921875,229.2274586747377
7060,1036.177490234375,263.38235960952176
7070,1079.981201171875,235.1270810142366
7080,1027.28466796875,275.0756006299978
7090,1041.3079833984375,265.720929228
7100,1035.049560546875,267.80225384038476
7110,1038.0732421875,269.89159360070164
7120,1016.0516357421875,282.6186709745017
7130,1028.8616943359375,274.18557252071156
7140,1047.0853271484375,251.5270483684363
7150,1045.1282958984375,252.7534090429779
7160,1041.5113525390625,256.1623206035322
7170,1085.075439453125,229.76139575144018
7180,1051.2786865234375,255.59666117579349
7190,1051.2261962890625,262.40449730875713
7200,1048.7379150390625,270.76563567802646
7210,1058.780029296875,265.1373074926795
7220,1032.7445068359375,285.40523836381243
7230,1066.7086181640625,264.9705523854327
7240,1080.34521484375,248.82144050574462
7250,1059.240234375,263.79962320939705
7260,1050.3408203125,272.30512083474775
7270,1075.301025390625,253.4476166299628
7280,1042.076904296875,290.51679821121905
7290,1105.7437744140625,243.23661319793496
7300,1033.4403076171875,300.80806319338006
7310,1092.6019287109375,255.7763962301554
7320,1079.3973388671875,270.48990537794094
7330,1070.6278076171875,272.4909729516841
7340,1059.7261962890625,288.9881535010893
7350,1122.8773193359375,242.03469823032304
7360,1077.8094482421875,286.7143110863951
7370,1098.9893798828125,272.93802795323427
7380,1060.01416015625,305.34139507957946
7390,1057.70556640625,305.1086282344117
7400,1046.8980712890625,310.7778680900452
7410,1036.8841552734375,314.30059888343516
7420,1049.470947265625,295.1407223685168
7430,1055.923828125,291.14665599963496
7440,1054.1488037109375,290.5788384276551
7450,1066.9364013671875,291.7395951794373
7460,1111.660888671875,258.72900457817843
7470,1072.8018798828125,289.83295528705764
7480,1116.7467041015625,253.25162982777977
7490,1088.4234619140625,273.57591382383964
7500,1070.0823974609375,285.43552314963773
7510,1037.256591796875,313.4551582645634
7520,1059.458251953125,298.41957561496923
7530,1042.293701171875,308.5686710333242
7540,1070.9930419921875,282.97302715402793
7550,1071.376708984375,287.83881901275004
7560,1101.6845703125,263.0499925354004
7570,1048.6376953125,303.8000498428008
7580,1095.996337890625,269.3806527769092
7590,1088.7584228515625,272.57554473740515
7600,1094.951171875,272.11339499821315
7610,1083.605712890625,277.29320258975673
7620,1092.1322021484375,266.2860005443564
7630,1104.011962890625,256.20086618391605
7640,1078.281005859375,278.6855927892962
7650,1081.6146240234375,279.7970488086967
7660,1100.4381103515625,262.0175115767112
7670,1052.0760498046875,306.15756217711373
7680,1075.205078125,292.23838882503304
7690,1052.9200439453125,306.1047286665005
7700,1017.8983154296875,333.86058605391366
7710,1047.4014892578125,311.0071517481639
7720,1030.9288330078125,322.0352707237101
7730,1048.91650390625,304.19468967947
7740,1040.8809814453125,305.00079469971877
7750,1086.95849609375,268.7458031372688
7760,1082.7205810546875,270.60706532374036
7770,1108.8037109375,251.02239618056467
7780,1092.2318115234375,257.1339571812801
7790,1070.45947265625,272.483566111174
7800,1085.3001708984375,261.2975118942372
7810,1070.8558349609375,275.06283162047174
7820,1062.675048828125,277.9035952282401
7830,1092.92724609375,255.76817124010094
7840,1086.1546630859375,255.41690732308064
7850,1072.6973876953125,268.4818236071626
7860,1063.7083740234375,278.0399639833354
7870,1065.7728271484375,276.7461372474857
7880,1041.8023681640625,290.3244953278689
7890,1043.742431640625,288.7142651276619
7900,1076.3736572265625,257.4514110566836
7910,1019.56640625,297.45920926149836
7920,1057.0904541015625,265.36196657189697
7930,1044.390625,270.7864179242297
7940,1047.102783203125,267.94234317828284
7950,1049.5146484375,265.32901567916605
7960,1072.8636474609375,251.57838218149868
7970,1064.0458984375,259.4677782816471
7980,1040.11669921875,285.93286194207724
7990,1064.548095703125,264.5153469644712
8000,1043.9224853515625,279.286338282315
8010,1040.5308837890625,282.5966444020194
8020,1056.759033203125,272.9612264257904
8030,1040.5010986328125,276.191134599532
8040,1015.860107421875,306.9298662998993
8050,1080.67578125,244.99147267163957
8060,1015.2874145507812,298.588425993004
8070,1065.6796875,266.2424457768981
8080,1069.7352294921875,264.1329022726497
8090,1043.5506591796875,282.34251618279825
8100,1050.6220703125,279.96838129607704
8110,1033.7115478515625,290.1817599283461
8120,1034.9390869140625,288.5126755236224
8130,1042.7740478515625,279.60934954877825
8140,1055.9979248046875,272.0119895978015
8150,1062.0101318359375,270.7525727769532
8160,1085.265380859375,259.83664284299755
8170,1073.5526123046875,265.3800448298827
8180,1054.265869140625,282.4330797561893
8190,1058.2578125,277.4233593986509
8200,1083.037109375,261.5689474178493
8210,1036.678466796875,295.3608593988883
8220,1080.3326416015625,255.8577661897845
8230,1039.3865966796875,282.7870242261871
8240,1072.4212646484375,261.2372009513751
8250,1058.3533935546875,269.973679712407
8260,1075.66357421875,256.99103904803485
8270,1083.51416015625,252.03393320638006
8280,1085.4886474609375,258.09205241442146
8290,1077.7098388671875,264.2630960836645
8300,1082.5997314453125,263.850085659295
8310,1040.6705322265625,297.79385944902094
8320,1062.3887939453125,280.91689147805187
8330,1037.62646484375,294.52812776712096
8340,1038.7086181640625,294.2972773562035
8350,1030.8021240234375,297.22775823890106
8360,1071.609375,274.55100406246044
8370,1047.3565673828125,297.14420387200727
8380,1103.4212646484375,262.33856564487905
8390,1072.4881591796875,281.8610065261152
8400,1076.3453369140625,283.89854202146046
8410,1053.53857421875,296.892276494166
8420,1077.4759521484375,287.230768328676
8430,1066.979736328125,286.43075677232235
8440,1064.4931640625,292.257294865626
8450,1082.189453125,272.1261412156897
8460,1072.59716796875,282.8951779612422
8470,1099.8668212890625,260.5692802304467
8480,1073.099609375,271.2795428708867
8490,1055.8372802734375,277.3066548373373
8500,1093.555419921875,255.82789291341518
8510,1081.4019775390625,265.49110777529614
8520,1027.6031494140625,314.41503934386054
8530,1067.4212646484375,277.8638776688806
8540,1022.1114501953125,306.9588418937222
8550,1051.559326171875,279.7571023777944
8560,1056.6446533203125,269.8587989793016
8570,1066.3450927734375,269.29137608604015
8580,1045.36962890625,285.3217356578641
8590,1077.805419921875,268.53386273457716
8600,1056.48876953125,278.38936441484077
8610,1078.0194091796875,265.81350471807605
8620,1065.80419921875,270.1266660181008
8630,1060.755615234375,276.79890311108767
8640,1050.3321533203125,280.8664038697553
8650,1074.7060546875,266.76433300075905
8660,1024.4969482421875,299.7264024066182
8670,1045.533935546875,283.94071407172197
8680,1055.701416015625,272.46372416011843
8690,1082.6036376953125,255.68645352366036
8700,1041.8248291015625,281.17667148305003
8710,1056.579833984375,283.9053658172102
8720,1078.20654296875,262.4130576243647
8730,1049.6068115234375,287.52916843679657
8740,1070.5655517578125,265.5052620233538
8750,1089.263427734375,255.05358434143517
8760,1072.804931640625,261.0455332922282
8770,1079.064697265625,262.4998225430428
8780,1057.6976318359375,273.39752112277426
8790,1079.945556640625,264.73546411441004
8800,1034.024658203125,298.20940653486844
8810,1075.7879638671875,268.99872753218926
8820,1054.666259765625,275.089110416707
8830,1037.2930908203125,288.20696837025474
8840,1048.243896484375,281.4488918342909
8850,1038.86083984375,285.77991092239
8860,1040.8953857421875,283.8079944735862
8870,1052.9622802734375,272.2503515575373
8880,1018.5402221679688,302.3460446863267
8890,1071.239013671875,268.7612519776802
8900,1035.3994140625,292.151935545873
8910,1064.186279296875,279.78716550736357
8920,1077.24951171875,267.90252568276446
8930,1067.69775390625,274.10063459969837
8940,1081.24853515625,259.89737437747493
8950,1059.6754150390625,278.8874797713557
8960,1095.5008544921875,253.06577810957924
8970,1093.974853515625,260.1228475272962
8980,1094.611572265625,257.1314139174131
8990,1091.84619140625,263.4489446777728
9000,1087.782958984375,265.25327117466026
9010,1059.675048828125,287.2394975236974
9020,1079.4302978515625,275.23167736373097
9030,1056.225830078125,286.90834406333425
9040,1076.1407470703125,272.27507378987167
9050,1048.0496826171875,294.39630731685054
9060,1110.04443359375,247.37684486368482
9070,1062.9945068359375,280.42909899036533
9080,1084.564453125,274.03407697130535
9090,1132.9100341796875,232.18467705555386
9100,1075.379638671875,278.04130551098103
9110,1083.6474609375,275.09276429650214
9120,1082.5604248046875,286.03134228977854
9130,1078.30126953125,290.70796877783164
9140,1062.0477294921875,300.2367479558731
9150,1074.9735107421875,283.99509309364555
9160,1053.463134765625,308.7416581419157
9170,1090.20263671875,280.76783352892926
9180,1073.274169921875,297.08438197933293
9190,1085.182373046875,278.97544463405734
9200,1061.797119140625,296.4103946802937
9210,1074.477294921875,288.8608094292672
9220,1035.0281982421875,316.1775445755063
9230,1067.2454833984375,287.31133609946517
9240,1039.1273193359375,302.5641434975385
9250,1042.420166015625,289.89535510578827
9260,1063.37451171875,272.5905882649688
9270,1107.4713134765625,238.92992534224766
9280,1050.8525390625,287.04258103302135
9290,1087.5947265625,258.18721353298866
9300,1099.9525146484375,252.14375760788838
9310,1098.39404296875,256.06912043109526
9320,1080.597900390625,269.4036906730556
9330,1070.064208984375,275.2803843728407
9340,1040.790771484375,299.59504024611005
9350,1066.282958984375,278.0964337814629
9360,1016.495849609375,307.64316507897587
9370,1055.315673828125,284.9833721760914
9380,1063.659423828125,277.5405421217057
9390,1089.8251953125,261.0224518366591
9400,1071.5523681640625,273.67491195325124
9410,1105.2108154296875,253.01920849072258
9420,1114.01171875,244.51712203340512
9430,1090.4385986328125,261.0774523510571
9440,1114.1981201171875,252.3615724392378
9450,1098.4840087890625,264.91053617104046
9460,1052.4713134765625,302.1236947031509
9470,1065.03173828125,289.91847379842204
9480,1058.8382568359375,295.19507266455383
9490,1056.50927734375,298.1184097984122
9500,1051.56787109375,298.0528441634497
9510,1048.93603515625,300.1443606944655
9520,1052.697021484375,292.0826160688908
9530,1059.69384765625,289.6455013581586
9540,1061.2122802734375,285.30139151947304
9550,1048.75927734375,288.13701888222295
9560,1045.689453125,290.06277909272546
9570,1092.611083984375,251.08382984514344
9580,1063.498046875,270.4878034230444
9590,1075.21484375,262.67951210488826
9600,1106.7923583984375,236.5181668953681
9610,1078.722900390625,262.30444049488347
9620,1095.9815673828125,252.52974389098932
9630,1097.704345703125,248.56147427421095
9640,1075.8560791015625,263.49691808447824
9650,1075.203125,269.72729685336236
9660,1070.2421875,275.0009407573706
9670,1070.5926513671875,276.1662775606754
9680,1022.5364990234375,310.2452128123351
9690,1066.7447509765625,282.81397171718675
9700,1040.2022705078125,303.50424628261527
9710,1046.019775390625,298.715179404282
9720,1054.1689453125,287.6834718613045
9730,1064.292236328125,284.75768404425986
9740,1082.97412109375,270.79122017445826
9750,1107.115966796875,251.2981993070002
9760,1061.753173828125,288.52397022436116
9770,1102.884521484375,253.77831057195016
9780,1040.9014892578125,293.1109862965713
9790,1081.7645263671875,264.0456556712382
9800,1032.50537109375,297.5824657906314
9810,1058.2825927734375,284.48711111585095
9820,1045.2542724609375,295.4657388168339
9830,1056.521728515625,287.30232766819915
9840,1032.6912841796875,299.7047288238266
9850,1056.513427734375,273.4891336475283
9860,1032.32080078125,283.33834417264984
9870,1035.0595703125,284.0552524718093
9880,1028.9129638671875,286.2680470076367
9890,1077.846923828125,245.80245207807633
9900,1011.2666625976562,293.0748302948705
9910,1052.7056884765625,262.3429090192178
9920,1067.497802734375,252.64684234129896
9930,1062.7470703125,259.53387260719643
9940,1043.6396484375,276.632442989446
9950,1064.8150634765625,256.17569038183706
9960,1039.2078857421875,269.1476989605703
9970,1037.3487548828125,261.6584885508778
9980,1020.6644287109375,279.1540974771347
9990,1036.6795654296875,262.7029670787025
10000,1046.32958984375,262.3049740879483
